Ano,accuracy_margin,n
2014,0.9089756708462513,65477
2015,0.9064301670746552,74757
2016,0.8609460870756219,58409
2017,0.9263382782174345,66466
2018,0.8710073395903127,39103
2019,0.8987062512803542,63459
2020,0.9042254867595042,62762
2021,0.8982574028228788,62206
2022,0.9031148721642059,55540
2023,0.8823037233300794,50197
2024,0.9540677692718091,80597
2025,0.9231414803183713,36938
